title,company,link
Python Developer (Rust a huge plus) (Remote),X-Team,https://stackoverflow.com/jobs/431612/python-developer-rust-a-huge-plus-remote-x-team?a=2kKse2KCSh9u&so=i&pg=1&offset=1&total=30&so_medium=Internal&so_source=JobSearch&q=python&r=true
Senior Backend Engineer - Python,APNATIME TECH PRIVATE LIMITED,https://stackoverflow.com/jobs/411044/senior-backend-engineer-python-apnatime-tech-private-limited?a=2dQMOErabxDy&so=i&pg=1&offset=2&total=30&so_medium=Internal&so_source=JobSearch&q=python&r=true
Sr. Python Engineer [100% Remote],Clevertech,https://stackoverflow.com/jobs/429681/sr-python-engineer-100-remote-clevertech?a=2k6iRqlcdFUk&so=i&pg=1&offset=3&total=30&so_medium=Internal&so_source=JobSearch&q=python&r=true
Python Developer,BairesDev LLC,https://stackoverflow.com/jobs/430795/python-developer-bairesdev-llc?a=2ktsZ0YQxP44&so=i&pg=1&offset=4&total=30&so_medium=Internal&so_source=JobSearch&q=python&r=true
Sr. Engineer - Python Dev (Remote),"CrowdStrike, Inc.",https://stackoverflow.com/jobs/422701/sr-engineer-python-dev-remote-crowdstrike-inc?a=2hLaxf9XEgtG&so=i&pg=1&offset=5&total=30&so_medium=Internal&so_source=JobSearch&q=python&r=true
"Software Engineer, Backend (Remote)",Hotjar,https://stackoverflow.com/jobs/279346/software-engineer-backend-remote-hotjar?a=1vGpeFRZU7Kg&so=i&pg=1&offset=6&total=30&so_medium=Internal&so_source=JobSearch&q=python&r=true
Sr. Software Engineer - Overwatch Labs (Remote),"CrowdStrike, Inc.",https://stackoverflow.com/jobs/419803/sr-software-engineer-overwatch-labs-remote-crowdstrike-inc?a=2gMUyqg0BBJK&so=i&pg=1&offset=7&total=30&so_medium=Internal&so_source=JobSearch&q=python&r=true
Full Stack Developer,Decodify.me LLC,https://stackoverflow.com/jobs/429076/full-stack-developer-decodifyme-llc?a=2jTIV5Px7pmg&so=i&pg=1&offset=8&total=30&so_medium=Internal&so_source=JobSearch&q=python&r=true
Senior Machine Learning Engineer - Remote - EU Time Zone,CVEDIA,https://stackoverflow.com/jobs/428564/senior-machine-learning-engineer-remote-eu-cvedia?a=2jJ4S37VM10c&so=i&pg=1&offset=9&total=30&so_medium=Internal&so_source=JobSearch&q=python&r=true
Staff Software Engineer - Data Platform,"Wikimedia Foundation, Inc.",https://stackoverflow.com/jobs/422399/staff-software-engineer-data-platform-wikimedia-foundation-inc?a=2hETd2FoMIuI&so=i&pg=1&offset=10&total=30&so_medium=Internal&so_source=JobSearch&q=python&r=true
Senior Go Developer (Remote),X-Team,https://stackoverflow.com/jobs/235208/senior-go-developer-remote-x-team?a=1gSEmzL8Cfn2&so=i&pg=1&offset=11&total=30&so_medium=Internal&so_source=JobSearch&q=python&r=true
SDET - Machine Learning Team (Remote),"CrowdStrike, Inc.",https://stackoverflow.com/jobs/422704/sdet-machine-learning-team-remote-crowdstrike-inc?a=2hLep1JzLMe4&so=i&pg=1&offset=12&total=30&so_medium=Internal&so_source=JobSearch&q=python&r=true
Full Stack Engineer / Server Developer - help us create amazing games!,kwalee Ltd,https://stackoverflow.com/jobs/415698/full-stack-engineer-server-developer-help-us-kwalee-ltd?a=2fpyyIUltVE4&so=i&pg=1&offset=13&total=30&so_medium=Internal&so_source=JobSearch&q=python&r=true
Data Migration Specialist (Remote),Curotec,https://stackoverflow.com/jobs/428206/data-migration-specialist-remote-curotec?a=2jBDlTfdYUo0&so=i&pg=1&offset=14&total=30&so_medium=Internal&so_source=JobSearch&q=python&r=true
Integrations Engineer (Remote),X-Team,https://stackoverflow.com/jobs/408566/integrations-engineer-remote-x-team?a=2d1ghvXi6zDO&so=i&pg=1&offset=15&total=30&so_medium=Internal&so_source=JobSearch&q=python&r=true
Sr. Backend Software Developer,Marketcircle,https://stackoverflow.com/jobs/421199/sr-backend-software-developer-marketcircle?a=2hfWdETsjTdS&so=i&pg=1&offset=16&total=30&so_medium=Internal&so_source=JobSearch&q=python&r=true
Engineer II,"CrowdStrike, Inc.",https://stackoverflow.com/jobs/422703/engineer-ii-crowdstrike-inc?a=2hLd76d2oBDW&so=i&pg=1&offset=17&total=30&so_medium=Internal&so_source=JobSearch&q=python&r=true
Security Engineer (remote),Platform.sh,https://stackoverflow.com/jobs/397331/security-engineer-remote-platformsh?a=29fEAsHElSI8&so=i&pg=1&offset=18&total=30&so_medium=Internal&so_source=JobSearch&q=python&r=true
Site Reliability Engineer,Sticker Mule,https://stackoverflow.com/jobs/419684/site-reliability-engineer-sticker-mule?a=2gKrj0fgNWsU&so=i&pg=1&offset=19&total=30&so_medium=Internal&so_source=JobSearch&q=python&r=true
Experienced Search Engineer,Bandcamp,https://stackoverflow.com/jobs/431393/experienced-search-engineer-bandcamp?a=2kFTTQOK1Txe&so=i&pg=1&offset=20&total=30&so_medium=Internal&so_source=JobSearch&q=python&r=true
Senior Software Engineer: Anti-Harassment Tools,"Wikimedia Foundation, Inc.",https://stackoverflow.com/jobs/415726/senior-software-engineer-anti-harassment-tools-wikimedia-foundation-inc?a=2fq8EHBpWHXG&so=i&pg=1&offset=21&total=30&so_medium=Internal&so_source=JobSearch&q=python&r=true
Site Reliability Engineer,BairesDev LLC,https://stackoverflow.com/jobs/430982/site-reliability-engineer-bairesdev-llc?a=2kxm3w7vqK2c&so=i&pg=1&offset=22&total=30&so_medium=Internal&so_source=JobSearch&q=python&r=true
Big Data Engineer,BairesDev LLC,https://stackoverflow.com/jobs/430815/big-data-engineer-bairesdev-llc?a=2ktSLztC1eIE&so=i&pg=1&offset=23&total=30&so_medium=Internal&so_source=JobSearch&q=python&r=true
Developer Relations Engineer,Platform.sh,https://stackoverflow.com/jobs/420115/developer-relations-engineer-platformsh?a=2gToLTZXcRy0&so=i&pg=1&offset=24&total=30&so_medium=Internal&so_source=JobSearch&q=python&r=true
Big Data Engineer,BairesDev LLC,https://stackoverflow.com/jobs/430815/big-data-engineer-bairesdev-llc?a=2ktSLztC1eIE&so=i&pg=2&offset=1&total=30&so_medium=Internal&so_source=JobSearch&q=python&r=true
Sr. Android Sensor Engineer (Remote),"CrowdStrike, Inc.",https://stackoverflow.com/jobs/419801/sr-android-sensor-engineer-remote-crowdstrike-inc?a=2gMRYzcVRgzu&so=i&pg=2&offset=2&total=30&so_medium=Internal&so_source=JobSearch&q=python&r=true
Android Sensor Engineer,"CrowdStrike, Inc.",https://stackoverflow.com/jobs/422705/android-sensor-engineer-crowdstrike-inc?a=2hLfGXg78WOc&so=i&pg=2&offset=3&total=30&so_medium=Internal&so_source=JobSearch&q=python&r=true
Backend Architect (m/f/d),SimScale,https://stackoverflow.com/jobs/406432/backend-architect-m-f-d-simscale?a=2ciTdy0AAk6s&so=i&pg=2&offset=4&total=30&so_medium=Internal&so_source=JobSearch&q=python&r=true
Software Engineer,Podsights,https://weworkremotely.com/remote-jobs/podsights-software-engineer-2
Senior Python Engineer,Clevertech,https://weworkremotely.com/remote-jobs/clevertech-senior-python-engineer
Software Engineer,"Car Registration, Inc",https://weworkremotely.com/remote-jobs/car-registration-inc-software-engineer
Senior Unity Engineer for AI- Remote - EU Time Zone,CVEDIA,https://weworkremotely.com/remote-jobs/cvedia-senior-unity-engineer-for-ai-remote-eu-time-zone
Python Engineer,Nearsure,https://weworkremotely.com/remote-jobs/nearsure-python-engineer
Software Engineer,Foxbox Digital,https://weworkremotely.com/remote-jobs/foxbox-digital-software-engineer
Fullstack Engineer,Postscript,https://weworkremotely.com/remote-jobs/postscript-fullstack-engineer-1
Senior Software Developer,Qualio,https://weworkremotely.com/remote-jobs/qualio-senior-software-developer
Full Stack Web Developer (Typescript/Node/Angular),Loss Control Plus,https://weworkremotely.com/remote-jobs/loss-control-plus-full-stack-web-developer-typescript-node-angular-1
Product Engineer,Chartable,https://weworkremotely.com/remote-jobs/chartable-product-engineer
"Software Engineer (Full Time, Remote)",42 TECH,https://weworkremotely.com/remote-jobs/42-tech-software-engineer-full-time-remote
Software Engineer for Digital Agency,Clear Summit,https://weworkremotely.com/remote-jobs/clear-summit-software-engineer-for-digital-agency
Machine Learning Engineer (Python) – BioTech,Data Revenue,https://weworkremotely.com/remote-jobs/data-revenue-machine-learning-engineer-python-biotech
Tech Lead,Ukufu Pty Ltd,https://weworkremotely.com/remote-jobs/ukufu-pty-ltd-tech-lead
Ruby on Rails Developer,Power Home Remodeling,https://weworkremotely.com/remote-jobs/power-home-remodeling-ruby-on-rails-developer
SENIOR PYTHON DEVELOPER,Dewaele Vastgoedgroep,https://weworkremotely.com/remote-jobs/dewaele-vastgoedgroep-senior-python-developer
Python Full Stack Software Developer (senior) - remote,Bubbling,https://weworkremotely.com/remote-jobs/bubbling-python-full-stack-software-developer-senior-remote
Data Engineer,Leadfeeder,https://weworkremotely.com/remote-jobs/leadfeeder-data-engineer
Senior Backend Engineer,Primer.ai,https://weworkremotely.com/remote-jobs/primer-ai-senior-backend-engineer
Data Engineer,ShipHero,https://weworkremotely.com/remote-jobs/shiphero-data-engineer
Software Engineering Mentor,Springboard,https://weworkremotely.com/remote-jobs/springboard-software-engineering-mentor-1
Events (Kafka) Tech Lead - Remote (GMT-5 max),Ebury,https://weworkremotely.com/remote-jobs/ebury-events-kafka-tech-lead-remote-gmt-5-max
Full Stack Tech/Team Lead,Uploan,https://weworkremotely.com/remote-jobs/uploan-full-stack-tech-team-lead
Senior Python Developer - Remote,Ebury,https://weworkremotely.com/remote-jobs/ebury-senior-python-developer-remote
Python Developer,Webinterpret,https://weworkremotely.com/remote-jobs/webinterpret-python-developer
Software Development Team Lead,Ebury,https://weworkremotely.com/remote-jobs/ebury-software-development-team-lead
iOS Developer,Doximity,https://weworkremotely.com/remote-jobs/doximity-ios-developer
Front-End Developer (Part-time),InferLink,https://weworkremotely.com/remote-jobs/inferlink-front-end-developer-part-time
Senior Machine Learning Engineer - Remote - EU Time Zone,CVEDIA,https://weworkremotely.com/remote-jobs/cvedia-senior-machine-learning-engineer-remote-eu-time-zone
Data Engineer (Contract-Remote),Healthy Back Institute,https://weworkremotely.com/remote-jobs/healthy-back-institute-data-engineer-contract-remote
Senior Android Engineer,Elevate Labs,https://weworkremotely.com/remote-jobs/elevate-labs-senior-android-engineer-1
"Software Engineer, Data Engineering",Doximity,https://weworkremotely.com/remote-jobs/doximity-software-engineer-data-engineering
Software Development Engineer - Test (SDET),Bevy,https://weworkremotely.com/remote-jobs/bevy-software-development-engineer-test-sdet
Python Developer (Rust a huge plus),X-Team,https://weworkremotely.com/remote-jobs/x-team-python-developer-rust-a-huge-plus
Senior Go Developer,X-Team,https://weworkremotely.com/remote-jobs/x-team-senior-go-developer
Integrations Engineer,X-Team,https://weworkremotely.com/remote-jobs/x-team-integrations-engineer
Data Engineer,Reify Health,https://weworkremotely.com/remote-jobs/reify-health-data-engineer-1
Software Support Engineer (Remote),LOFT,https://weworkremotely.com/remote-jobs/loft-software-support-engineer-remote
Tech Lead - Data Sourcing,DemandMatrix,https://weworkremotely.com/remote-jobs/demandmatrix-tech-lead-data-sourcing
Senior Backend Engineer,Smartia,https://weworkremotely.com/remote-jobs/smartia-senior-backend-engineer
Full Stack Developer (Python & Vue.js),Unhaggle Inc.,https://weworkremotely.com/remote-jobs/unhaggle-inc-full-stack-developer-python-vue-js-2
Senior Site Reliability Engineer - Software Engineering,Freetrade,https://weworkremotely.com/remote-jobs/freetrade-senior-site-reliability-engineer-software-engineering
"Senior Engineer, Manager",Doximity,https://weworkremotely.com/remote-jobs/doximity-senior-engineer-manager
Senior Full Stack Engineer,Sector Labs,https://weworkremotely.com/remote-jobs/sector-labs-senior-full-stack-engineer
Senior Software Engineer - Ruby/React/Python,Quill.org,https://weworkremotely.com/remote-jobs/quill-org-senior-software-engineer-ruby-react-python
Cryptocurrency Trading Systems Developer (Remote),Kenetic Capital,https://weworkremotely.com/remote-jobs/kenetic-capital-cryptocurrency-trading-systems-developer-remote
"Software Engineer, Android (Kotlin)",Doximity,https://weworkremotely.com/remote-jobs/doximity-software-engineer-android-kotlin
Experienced Software Engineer (Full Stack),My China Roots,https://weworkremotely.com/remote-jobs/my-china-roots-experienced-software-engineer-full-stack
"Software Engineer, Full Stack ",Doximity,https://weworkremotely.com/remote-jobs/doximity-software-engineer-full-stack
API Integration Engineer,Gordian Software,https://weworkremotely.com/remote-jobs/gordian-software-api-integration-engineer
L2/L3 Platform Support Engineer - Remote,Ebury,https://weworkremotely.com/remote-jobs/ebury-l2-l3-platform-support-engineer-remote
Senior Salesforce Developer - Remote,Ebury,https://weworkremotely.com/remote-jobs/ebury-senior-salesforce-developer-remote
Engineering Lead,MiniCorp,https://weworkremotely.com/remote-jobs/minicorp-engineering-lead
Clients Solutions Engineer,Wallaroo Labs,https://weworkremotely.com/remote-jobs/wallaroo-labs-clients-solutions-engineer
Senior Analytics Engineer,Tesorio ,https://weworkremotely.com/remote-jobs/tesorio-senior-analytics-engineer
Full Stack Developer,TechChange,https://weworkremotely.com/remote-jobs/techchange-full-stack-developer
Data Analytics Engineer,Reify Health,https://weworkremotely.com/remote-jobs/reify-health-data-analytics-engineer-2
(Senior) Python Full Stack Software Developer,Optimile,https://weworkremotely.com/remote-jobs/optimile-senior-python-full-stack-software-developer
DevOps Systems Engineer (Remote),WP Media,https://weworkremotely.com/remote-jobs/wp-media-devops-systems-engineer-remote
Senior Full Stack Engineer,Thinkific,https://weworkremotely.com/remote-jobs/thinkific-senior-full-stack-engineer
Mobile Application Developer (Python),Kickback Rewards System,https://weworkremotely.com/remote-jobs/kickback-rewards-system-mobile-application-developer-python
Senior Software Engineer - React & React Native,Very LLC,https://weworkremotely.com/remote-jobs/very-llc-senior-software-engineer-react-react-native
Mobile Application Engineer (Remote),Ezoic,https://weworkremotely.com/remote-jobs/ezoic-mobile-application-engineer-remote
Senior Product Engineer (Remote - Anywhere),Dataquest ,https://weworkremotely.com/remote-jobs/dataquest-senior-product-engineer-remote-anywhere
Python Developer,BairesDev,https://remoteok.io/remote-jobs/98788-remote-python-developer-bairesdev
SR Django Developer,Trafilea,https://remoteok.io/remote-jobs/98666-remote-sr-django-developer-trafilea
Senior Software Engineer Python Tornado AWS,Verys,https://remoteok.io/remote-jobs/98654-remote-senior-software-engineer-python-tornado-aws-verys
Python Developer,YouGov,https://remoteok.io/remote-jobs/98637-remote-python-developer-yougov
Principal Python Software Developer,Railroad19,https://remoteok.io/remote-jobs/98621-remote-principal-python-software-developer-railroad19
Experienced Python Developer,ShipHero,https://remoteok.io/remote-jobs/98580-remote-experienced-python-developer-shiphero
Senior Full Stack Python Developer,REPAY,https://remoteok.io/remote-jobs/98420-remote-senior-full-stack-python-developer-repay
Senior Python Developer,Adspert Bidmanagement,https://remoteok.io/remote-jobs/98409-remote-senior-python-developer-adspert-bidmanagement
Senior Software Engineer Python Tornado AWS,Verys,https://remoteok.io/remote-jobs/98228-remote-senior-software-engineer-python-tornado-aws-verys
Expert Django Developer,AppEvolve,https://remoteok.io/remote-jobs/98165-remote-expert-django-developer-appevolve
Python Developer,PeopleDoc,https://remoteok.io/remote-jobs/98046-remote-python-developer-peopledoc
Senior Python Developer,Flashpoint,https://remoteok.io/remote-jobs/97840-remote-senior-python-developer-flashpoint
Python Developer,UCRAFT,https://remoteok.io/remote-jobs/97815-remote-python-developer-ucraft
Python Developer,Upstack,https://remoteok.io/remote-jobs/97638-remote-python-developer-upstack
Python Developer,YouGov,https://remoteok.io/remote-jobs/97528-remote-python-developer-yougov
Python Full Stack Developer,REPAY,https://remoteok.io/remote-jobs/97466-remote-python-full-stack-developer-repay
Python Developer,Bitedge,https://remoteok.io/remote-jobs/97419-remote-python-developer-bitedge
Lead Full-stack Software Engineer,Prominent Edge,https://remoteok.io/remote-jobs/97397-remote-lead-full-stack-software-engineer-prominent-edge
Expert Django Developer,DjangoForce,https://remoteok.io/remote-jobs/97248-remote-expert-django-developer-djangoforce
Senior Software Engineer Python,Verys,https://remoteok.io/remote-jobs/97215-remote-senior-software-engineer-python-verys
Integrations Full Stack Python Developer,REPAY,https://remoteok.io/remote-jobs/97110-remote-integrations-full-stack-python-developer-repay
Full Stack Python/js Developer,Fjelltopp,https://remoteok.io/remote-jobs/97053-remote-full-stack-python-js-developer-fjelltopp
Python + Django Software Engineer,WP Media,https://remoteok.io/remote-jobs/96938-remote-python-django-software-engineer-wp-media
Python Developer,YouGov,https://remoteok.io/remote-jobs/86812-remote-python-developer-yougov
Senior Django Developer,Scalable Path,https://remoteok.io/remote-jobs/86775-remote-senior-django-developer-scalable-path
Senior Python Developer,We Are Common,https://remoteok.io/remote-jobs/86754-remote-senior-python-developer-we-are-common
Python Full Stack Developer,REPAY,https://remoteok.io/remote-jobs/87005-remote-python-full-stack-developer-repay
Jr Python Developer,AppEvolve,https://remoteok.io/remote-jobs/86685-remote-jr-python-developer-appevolve
Senior Software Engineer (python/django),Routable,https://remoteok.io/remote-jobs/86632-remote-senior-software-engineer-python-django-routable
Full Stack Developer Node.js Python Go Autonomy Flexibility New Team,Oscatel,https://remoteok.io/remote-jobs/87096-remote-full-stack-developer-node-js-python-go-autonomy-flexibility-new-team-oscatel
Senior Python Developer,Backtracks,https://remoteok.io/remote-jobs/87344-remote-senior-python-developer-backtracks
Python Developer,PeopleDoc,https://remoteok.io/remote-jobs/86967-remote-python-developer-peopledoc
"Software Engineer, Security",Doximity,https://remoteok.io/remote-jobs/86398-remote-software-engineer-security-doximity
Django Developer,Mainvest,https://remoteok.io/remote-jobs/86390-remote-django-developer-mainvest
Senior Python Developer,Flashpoint,https://remoteok.io/remote-jobs/87238-remote-senior-python-developer-flashpoint
Software Engineer,"PrintWithMe, Inc.",https://remoteok.io/remote-jobs/86265-remote-software-engineer-printwithme-inc
Python Developer,Backtracks.fm,https://remoteok.io/remote-jobs/86257-remote-python-developer-backtracks-fm
Python Django Developer,Scanslated,https://remoteok.io/remote-jobs/87085-remote-python-django-developer-scanslated
Senior Python Developer,X-Team,https://remoteok.io/remote-jobs/87002-remote-senior-python-developer-x-team
Independent Self Motivated Python Backend Developer,Seez,https://remoteok.io/remote-jobs/85325-remote-independent-self-motivated-python-backend-developer-seez
Senior Python Developer,Surge,https://remoteok.io/remote-jobs/85309-remote-senior-python-developer-surge
Software Engineer (full Stack),Simple Poll,https://remoteok.io/remote-jobs/85261-remote-software-engineer-full-stack-simple-poll
Python Developer M W X,Skalar Systems,https://remoteok.io/remote-jobs/85239-remote-python-developer-m-w-x-skalar-systems
Freelance Python Developer –,Toptal,https://remoteok.io/remote-jobs/85053-remote-freelance-python-developer-remote-toptal
Senior Python Developer,Level Agency,https://remoteok.io/remote-jobs/84956-remote-senior-python-developer-level-agency
FULL Stack Django Developer Project Leader,Scalable Path,https://remoteok.io/remote-jobs/84941-remote-full-stack-django-developer-project-leader-scalable-path
Devops Python Django Saas Developer,WP Media,https://remoteok.io/remote-jobs/84795-remote-devops-python-django-saas-developer-wp-media
Senior Python Developer,Remotesome,https://remoteok.io/remote-jobs/84524-remote-senior-python-developer-remotesome
Lead Backend Developer,Kokoon Technology Ltd,https://remoteok.io/remote-jobs/84313-remote-lead-backend-developer-remote-kokoon-technology-ltd
Senior Python Developer,ShipHero,https://remoteok.io/remote-jobs/83869-remote-senior-python-developer-shiphero
Python Backend Developer,Exputec,https://remoteok.io/remote-jobs/83854-remote-python-backend-developer-exputec
Backend Developer,Jetcake,https://remoteok.io/remote-jobs/83559-remote-backend-developer-jetcake
Python Backend Developer 100,Clevertech,https://remoteok.io/remote-jobs/83231-remote-python-backend-developer-100-clevertech
React Python Developer 100,Clevertech,https://remoteok.io/remote-jobs/83127-remote-react-python-developer-100-clevertech
Python Back End Developer,Soshace,https://remoteok.io/remote-jobs/83097-remote-python-back-end-developer-soshace
100% Python React Developer,Clevertech,https://remoteok.io/remote-jobs/82984-remote-100-python-react-developer-clevertech
API Software Engineer Python,ReCharge Payments,https://remoteok.io/remote-jobs/77226-remote-api-software-engineer-python-recharge-payments
ELK Stack Developer,Atlastix,https://remoteok.io/remote-jobs/77164-remote-elk-stack-developer-atlastix
Full Stack Django Developer,Wildfish,https://remoteok.io/remote-jobs/77074-remote-full-stack-django-developer-wildfish
Full Stack Developer (python),REPAY,https://remoteok.io/remote-jobs/77035-remote-full-stack-developer-python-repay
Full Stack React Django Developer,Soshace,https://remoteok.io/remote-jobs/76912-remote-full-stack-react-django-developer-soshace
"Software Engineer, Full Stack",Doximity,https://remoteok.io/remote-jobs/76493-remote-software-engineer-full-stack-doximity
Python Developer,Scrapinghub,https://remoteok.io/remote-jobs/76269-remote-python-developer-scrapinghub
Code Challenge Reviewer 100% £50 Per Hour Java Javascript PHP Python C# Ruby CSS HTML SQL Scala iOS Android,Geektastic,https://remoteok.io/remote-jobs/76263-remote-code-challenge-reviewer-100-50-per-hour-java-javascript-php-python-c-ruby-css-html-sql-scala-ios-android-geektastic
Back End Django Developer,Soshace,https://remoteok.io/remote-jobs/76164-remote-back-end-django-developer-soshace
Senior Software Engineer,Iterative,https://remoteok.io/remote-jobs/76126-remote-senior-software-engineer-iterative
Permanent Django Developer,Pivotal Energy Solutions,https://remoteok.io/remote-jobs/76108-remote-permanent-django-developer-pivotal-energy-solutions
Developer or Senior Developer,MVPF,https://remoteok.io/remote-jobs/75960-remote-developer-or-senior-developer-mvpf
Full Stack Web Developer,GooseChase,https://remoteok.io/remote-jobs/75932-remote-full-stack-web-developer-goosechase
Senior Full Stack Developer,Pupil Labs,https://remoteok.io/remote-jobs/75838-remote-senior-full-stack-developer-pupil-labs
Back End Python Developer,Pluralsight,https://remoteok.io/remote-jobs/75766-remote-back-end-python-developer-pluralsight
Senior Full-stack Developer,PolySwarm,https://remoteok.io/remote-jobs/75742-remote-senior-full-stack-developer-polyswarm
"Sr. Full-stack Developer (node, Vue, Typescript, Python, SQL, Elastic) - Fully Startup",Specula.io,https://remoteok.io/remote-jobs/75688-remote-sr-full-stack-developer-node-vue-typescript-python-sql-elastic-fully-remote-startup-specula-io
Senior Front-end Developer,PolySwarm,https://remoteok.io/remote-jobs/75673-remote-senior-front-end-developer-polyswarm
Senior Software Engineer,Snowdrop,https://remoteok.io/remote-jobs/75658-remote-senior-software-engineer-snowdrop
Python Back End Web Developer,Soshace,https://remoteok.io/remote-jobs/75581-remote-python-back-end-web-developer-soshace
Full Stack Developer With React Django,Soshace,https://remoteok.io/remote-jobs/75542-remote-full-stack-developer-with-react-django-soshace
Full Stack Developer,SilviaTerra,https://remoteok.io/remote-jobs/75473-remote-full-stack-developer-silviaterra
Senior Python Developer,CVEDIA,https://remoteok.io/remote-jobs/75073-remote-senior-python-developer-cvedia
Senior Devops Engineer,"ORCID, Inc.",https://remoteok.io/remote-jobs/75009-remote-senior-devops-engineer-orcid-inc-
Principle Python Software Engineer,Labster,https://remoteok.io/remote-jobs/74984-remote-principle-python-software-engineer-labster
Senior Python Developer,DomainTools,https://remoteok.io/remote-jobs/74941-remote-senior-python-developer-domaintools
"Software Engineer, Data (product Integration)",Doximity,https://remoteok.io/remote-jobs/74936-remote-software-engineer-data-product-integration-doximity
Senior Python Developer Django Flask,Clevertech,https://remoteok.io/remote-jobs/74857-remote-senior-python-developer-django-flask-clevertech
Full-stack Software Engineer,Fraym,https://remoteok.io/remote-jobs/74444-remote-full-stack-software-engineer-fraym
Quantitative Developer Python,Clevertech,https://remoteok.io/remote-jobs/74388-remote-quantitative-developer-python-clevertech
Senior Python Developer Quantitative Modeling,Clevertech,https://remoteok.io/remote-jobs/74363-remote-senior-python-developer-quantitative-modeling-clevertech
Senior Backend Engineer - Golang Focus,DL Remote,https://remoteok.io/remote-jobs/74351-remote-senior-backend-engineer-golang-focus-remote-dl-remote
Python C Developer,Clevertech,https://remoteok.io/remote-jobs/74190-remote-python-c-developer-clevertech
Senior Python Software Engineer,Labster,https://remoteok.io/remote-jobs/74183-remote-senior-python-software-engineer-labster
Senior Backend Developer,WeTravel,https://remoteok.io/remote-jobs/74163-remote-senior-backend-developer-wetravel
Senior Embedded Linux Developer with Python 100% Flexible Hours,3 other jobs Analytics Fire,https://remoteok.io/remote-jobs/74065-remote-senior-embedded-linux-developer-with-python-100-flexible-hours-3-other-jobs-analytics-fire
Senior Python Developer Interested Finance,Capital,https://remoteok.io/remote-jobs/74264-remote-senior-python-developer-interested-finance-capital
Software Engineer,AlphaSights,https://remoteok.io/remote-jobs/73979-remote-software-engineer-alphasights
Cloud Python Developer,Elastic,https://remoteok.io/remote-jobs/73894-remote-cloud-python-developer-elastic
"Sr Full Stack Developer, Django",Circuit Stream,https://remoteok.io/remote-jobs/73837-remote-sr-full-stack-developer-django-circuit-stream
Python Back-end Web Developer,Soshace,https://remoteok.io/remote-jobs/73701-remote-remote-python-back-end-web-developer-soshace
Full Stack Software Engineer (JS),SlashData,https://remoteok.io/remote-jobs/73663-remote-full-stack-software-engineer-js-slashdata
Senior Django Developer,Soshace,https://remoteok.io/remote-jobs/73519-remote-senior-django-developer-soshace
Senior Python Developer,Vocinity,https://remoteok.io/remote-jobs/73506-remote-senior-python-developer-vocinity
Django Web Developer,Caktus Consulting Group,https://remoteok.io/remote-jobs/73333-remote-django-web-developer-caktus-consulting-group
Python Developer,Clevertech,https://remoteok.io/remote-jobs/73304-remote-python-developer-clevertech
"Software Engineer, Data",Doximity,https://remoteok.io/remote-jobs/73235-remote-software-engineer-data-doximity
Python Cloud Developer,Platform.sh,https://remoteok.io/remote-jobs/73070-remote-python-cloud-developer-platform-sh
Senior Full Stack Engineer,Interview Schedule,https://remoteok.io/remote-jobs/73058-remote-senior-full-stack-engineer-interview-schedule
Sr Python Software Engineer,SmileDirectClub,https://remoteok.io/remote-jobs/73036-remote-sr-python-software-engineer-smiledirectclub
Python Developer,Musement,https://remoteok.io/remote-jobs/72846-remote-python-developer-musement
Senior Software Engineer - Backend (100% ),Close,https://remoteok.io/remote-jobs/72794-remote-senior-software-engineer-backend-100-remote-close
Python Django Developer,Daupler,https://remoteok.io/remote-jobs/72664-remote-python-django-developer-daupler
Senior Python Developer,causaLens,https://remoteok.io/remote-jobs/72638-remote-senior-python-developer-causalens
Mid Level Django Backend Developer,Pivotal Energy Solutions,https://remoteok.io/remote-jobs/72547-remote-mid-level-django-backend-developer-pivotal-energy-solutions
Full-stack Developer,PolySwarm,https://remoteok.io/remote-jobs/72406-remote-full-stack-developer-polyswarm
Senior Python Software Engineer,Namaste Technologies,https://remoteok.io/remote-jobs/72239-remote-senior-python-software-engineer-namaste-technologies
Python Software Engineer,ReCharge Payments,https://remoteok.io/remote-jobs/71975-remote-python-software-engineer-recharge-payments
"Software Engineer, Service Reliability",Doximity,https://remoteok.io/remote-jobs/71432-remote-software-engineer-service-reliability-doximity
"Software Engineer, Ruby & Javascript",Doximity,https://remoteok.io/remote-jobs/71367-remote-software-engineer-ruby-javascript-doximity
Senior Full Stack Developer with React Experience,Codelitt,https://remoteok.io/remote-jobs/71132-remote-senior-full-stack-developer-with-react-experience-codelitt
Lead Software Engineer,Hubbub,https://remoteok.io/remote-jobs/71202-remote-lead-software-engineer-hubbub
Python Developer,MADE.com,https://remoteok.io/remote-jobs/70764-remote-python-developer-made-com
Django Python Developer,Divio,https://remoteok.io/remote-jobs/70700-remote-django-python-developer-divio
Web Developer,Tao Leadership,https://remoteok.io/remote-jobs/70590-remote-web-developer-tao-leadership
Python Developer,eMoney Advisor,https://remoteok.io/remote-jobs/70262-remote-python-developer-emoney-advisor
Backend Python Django Developer,Self Decode,https://remoteok.io/remote-jobs/70053-remote-backend-python-django-developer-self-decode
Backend Web Developer,Circuit Stream,https://remoteok.io/remote-jobs/70003-remote-backend-web-developer-circuit-stream
Staff Site Reliability Engineer (sre),CircleCI,https://remoteok.io/remote-jobs/69933-remote-staff-site-reliability-engineer-sre-circleci
Full Stack Developer with React Experience,Codelitt,https://remoteok.io/remote-jobs/69888-remote-full-stack-developer-with-react-experience-codelitt
Full Stack Developer Python,REPAY Realtime Electronic Payments,https://remoteok.io/remote-jobs/69529-remote-full-stack-developer-python-repay-realtime-electronic-payments
"Senior Software Engineer, Python",Doximity,https://remoteok.io/remote-jobs/69245-remote-senior-software-engineer-python-doximity
Python Developer,X-Team,https://remoteok.io/remote-jobs/69088-remote-python-developer-x-team
Senior Python Developer,SmileDirectClub,https://remoteok.io/remote-jobs/69047-remote-senior-python-developer-smiledirectclub
Full Stack Developer,Upstack Technologies Inc.,https://remoteok.io/remote-jobs/69034-remote-full-stack-developer-upstack-technologies-inc-
Open Source Developer & Devops,OpenCraft,https://remoteok.io/remote-jobs/69030-remote-open-source-developer-devops-opencraft
Senior Software Engineer - Security Video Integration,GeoComm,https://remoteok.io/remote-jobs/68982-remote-senior-software-engineer-security-video-integration-geocomm
C Python Developer,Code Careers,https://remoteok.io/remote-jobs/68976-remote-c-python-developer-code-careers
Frontend and Python Developer,Screenly,https://remoteok.io/remote-jobs/68892-remote-frontend-and-python-developer-screenly
Senior Python Developer,VersaFeed,https://remoteok.io/remote-jobs/68797-remote-senior-python-developer-versafeed
Senior Software Engineer,Property Meld,https://remoteok.io/remote-jobs/68749-remote-senior-software-engineer-property-meld
Python Developer,CoGrammar,https://remoteok.io/remote-jobs/68679-remote-python-developer-cogrammar
Django Python Senior Software Engineer,Load Impact,https://remoteok.io/remote-jobs/68530-remote-django-python-senior-software-engineer-load-impact
Senior Embedded Linux Developer with C Python 100% Flexible Hours,Analytics Fire,https://remoteok.io/remote-jobs/68488-remote-senior-embedded-linux-developer-with-c-python-100-flexible-hours-analytics-fire
Full Stack Software Engineer,Merchbar,https://remoteok.io/remote-jobs/68296-remote-full-stack-software-engineer-merchbar
Python Developer,Arm,https://remoteok.io/remote-jobs/68291-remote-python-developer-arm
Senior Python Developer,JBS Custom Software Solutions,https://remoteok.io/remote-jobs/68243-remote-senior-python-developer-jbs-custom-software-solutions
Python Backend Developer,trivago N.V,https://remoteok.io/remote-jobs/68232-remote-python-backend-developer-trivago-n-v
Python Software Engineering Manager,Crossover,https://remoteok.io/remote-jobs/68220-remote-python-software-engineering-manager-crossover
Senior Python Developer,Clevertech,https://remoteok.io/remote-jobs/68204-remote-senior-python-developer-clevertech
Full-stack Developer/tech Lead,Comparamais,https://remoteok.io/remote-jobs/68196-remote-full-stack-developer-tech-lead-comparamais
Python Senior Developer,YMN GROUP,https://remoteok.io/remote-jobs/68169-remote-python-senior-developer-remote-ymn-group
"Python Software Engineer, Data Integration",Doximity,https://remoteok.io/remote-jobs/67967-remote-python-software-engineer-data-integration-doximity
"Experienced 3D Software Engineers for Awesome Cutting Edge Projects (augmented Reality, Virtual Reality, Raytracing, Webgl, UE4, and More)",4D Pipeline,https://remoteok.io/remote-jobs/67948-remote-experienced-3d-software-engineers-for-awesome-cutting-edge-projects-augmented-reality-virtual-reality-raytracing-webgl-ue4-and-more-4d-pipeline
Software Engineer Python,trivago N.V,https://remoteok.io/remote-jobs/68073-remote-software-engineer-python-trivago-n-v
"Python Backend Developer in Wrocław, PL",Kangaroo,https://remoteok.io/remote-jobs/67857-remote-python-backend-developer-in-wroclaw-pl-kangaroo
Backend Developer,Property Meld,https://remoteok.io/remote-jobs/67736-remote-backend-developer-property-meld
Software Developer (elasticsearch),Thresher,https://remoteok.io/remote-jobs/67669-remote-software-developer-elasticsearch-thresher
An Enthusiastic Python Developer,Niteo,https://remoteok.io/remote-jobs/67565-remote-an-enthusiastic-python-developer-niteo
Back End Python Developer,GitPrine,https://remoteok.io/remote-jobs/67502-remote-back-end-python-developer-gitprine
Backend Developer Python,orderbird AG,https://remoteok.io/remote-jobs/67704-remote-backend-developer-python-orderbird-ag
Cotiviti Labs Adminops Python Developer,Cotiviti,https://remoteok.io/remote-jobs/67229-remote-cotiviti-labs-adminops-python-developer-cotiviti
Go Python Developer,Sport Whispers,https://remoteok.io/remote-jobs/67092-remote-go-python-developer-sport-whispers
Senior Backend Developer Python Django H F,Back Market,https://remoteok.io/remote-jobs/67048-remote-senior-backend-developer-python-django-h-f-back-market
Python Software Engineer (all Levels),Unipart Digital,https://remoteok.io/remote-jobs/67036-remote-python-software-engineer-all-levels-unipart-digital
Full Stack Developer,Upstack,https://remoteok.io/remote-jobs/66985-remote-full-stack-developer-upstack
Python Developer,Buto,https://remoteok.io/remote-jobs/66803-remote-python-developer-buto
Python Developer For Cryptocurrency Services,Cryptosphere Systems,https://remoteok.io/remote-jobs/66580-remote-python-developer-for-cryptocurrency-services-cryptosphere-systems
Python Software Developer,OctopusLabs,https://remoteok.io/remote-jobs/66344-remote-python-software-developer-octopuslabs
Python Developer,Objectwise Consulting Group,https://remoteok.io/remote-jobs/66308-remote-python-developer-objectwise-consulting-group
Full Stack Developer,Blockstack,https://remoteok.io/remote-jobs/66203-remote-full-stack-developer-blockstack
Full Stack Developer,Property Meld,https://remoteok.io/remote-jobs/65954-remote-full-stack-developer-property-meld
POC Python Developer,StudioH67,https://remoteok.io/remote-jobs/65892-remote-poc-python-developer-studioh67
Senior Python Web Application Developer,SUSE,https://remoteok.io/remote-jobs/65888-remote-senior-python-web-application-developer-suse
Django Developer,GetTechTalent,https://remoteok.io/remote-jobs/65861-remote-django-developer-gettechtalent
Senior Software Engineer,Canonical,https://remoteok.io/remote-jobs/65587-remote-senior-software-engineer-canonical
Python Web Developer ($90-125k),Croscon,https://remoteok.io/remote-jobs/65582-remote-python-web-developer-90-125k-croscon
Software Engineer - Openstack,Canonical,https://remoteok.io/remote-jobs/65522-remote-software-engineer-openstack-canonical
Python Back End Developer,TXODDS,https://remoteok.io/remote-jobs/65030-remote-python-back-end-developer-txodds
Contract Python Developer,Seth Godin,https://remoteok.io/remote-jobs/65019-remote-contract-python-developer-seth-godin
Python Developer For Sweden's Best AI Team,Tenfifty,https://remoteok.io/remote-jobs/64691-remote-python-developer-for-swedens-best-ai-team-tenfifty
Mid Level Django Web Developer,Pivotal Energy Solutions,https://remoteok.io/remote-jobs/64547-remote-mid-level-django-web-developer-pivotal-energy-solutions
